{
  "History" : {
    "7BRDaKuFKzd57rWGArsIsll0TPN2" : {
      "-LwDqAza8tawWXPa99xh" : {
        "berat" : 109,
        "date" : "16-Dec-2019",
        "hasil" : "Obesitas Tingkat 3",
        "tinggi" : 146
      },
      "-LwDqWWC1si13ilkrpxL" : {
        "berat" : 75,
        "date" : "16-Dec-2019",
        "hasil" : "Obesitas Tingkat 3",
        "tinggi" : 78
      },
      "-LwDqXNXvKh9zpUJeyQG" : {
        "berat" : 147,
        "date" : "16-Dec-2019",
        "hasil" : "Obesitas Tingkat 3",
        "tinggi" : 78
      },
      "-LwDqXqawtVtMdOWJ1GZ" : {
        "berat" : 147,
        "date" : "16-Dec-2019",
        "hasil" : "Obesitas Tingkat 3",
        "tinggi" : 174
      },
      "-LwDqZEfQrEMDSMV1K10" : {
        "berat" : 10,
        "date" : "16-Dec-2019",
        "hasil" : "Kurus (underweight)",
        "tinggi" : 174
      },
      "-LwDqZhk_tJL2TZkzqm2" : {
        "berat" : 10,
        "date" : "16-Dec-2019",
        "hasil" : "Kurus (underweight)",
        "tinggi" : 75
      },
      "-LwGF_twgIWt1cXgg9Cr" : {
        "berat" : 105,
        "date" : "17-Dec-2019",
        "hasil" : "Obesitas Tingkat 3",
        "tinggi" : 160
      },
      "-LwGFazVONIsBdINE50u" : {
        "berat" : 144,
        "date" : "17-Dec-2019",
        "hasil" : "Obesitas Tingkat 3",
        "tinggi" : 160
      },
      "-LwGFbYNEpI3R5hMBuIP" : {
        "berat" : 144,
        "date" : "17-Dec-2019",
        "hasil" : "Obesitas Tingkat 3",
        "tinggi" : 24
      },
      "-LwGFc4qSpX9h9_hYP7g" : {
        "berat" : 10,
        "date" : "17-Dec-2019",
        "hasil" : "Obesitas Tingkat 3",
        "tinggi" : 24
      },
      "-LwGFcY5AEpxKUMrxGxU" : {
        "berat" : 10,
        "date" : "17-Dec-2019",
        "hasil" : "Obesitas Tingkat 3",
        "tinggi" : 9
      },
      "-LwGFdl5HVa2sf12Hksp" : {
        "berat" : 59,
        "date" : "17-Dec-2019",
        "hasil" : "Obesitas Tingkat 3",
        "tinggi" : 115
      },
      "-LwGFeDiYamwagLl7E0M" : {
        "berat" : 59,
        "date" : "17-Dec-2019",
        "hasil" : "Kegemukan (overweight)",
        "tinggi" : 151
      },
      "-LwGFegGpjuRoRppOlBM" : {
        "berat" : 59,
        "date" : "17-Dec-2019",
        "hasil" : "Kurus (underweight)",
        "tinggi" : 184
      }
    },
    "Cgxccd5zAGMR1ROCJ4pGvqzK26v2" : {
      "-LwGhxP6s2WvHcsggRGi" : {
        "berat" : 101,
        "date" : "17-Dec-2019",
        "hasil" : "Obesitas Tingkat 2",
        "tinggi" : 166
      },
      "-LwGi4kxfA76nOQv1ryw" : {
        "berat" : 55,
        "date" : "17-Dec-2019",
        "hasil" : "Normal (ideal)",
        "tinggi" : 160
      }
    },
    "J0qCfwPu8RRMmjOAqFNvQuU0MnS2" : {
      "-LwGrnkysD-LPj2DUJAZ" : {
        "berat" : 98,
        "date" : "17-Dec-2019",
        "hasil" : "Obesitas Tingkat 2",
        "tinggi" : 160
      }
    },
    "LFoARkDj0wMA6JMbZBG83Xnc7gs1" : {
      "-LwH49X6iqjO71ojXqJB" : {
        "berat" : 150,
        "date" : "17-Dec-2019",
        "hasil" : "Obesitas Tingkat 3",
        "tinggi" : 25
      },
      "-LwH4jElfD2zW5CeLAv2" : {
        "berat" : 71,
        "date" : "17-Dec-2019",
        "hasil" : "Kegemukan (overweight)",
        "tinggi" : 174
      }
    },
    "agLARUo1B0czeY4ItAAgcm78H1l2" : {
      "-Lw9t_KheumyiiMZf2ah" : {
        "berat" : 88,
        "date" : "16-Dec-2019",
        "hasil" : "Kegemukan (overweight)",
        "tinggi" : 185
      },
      "-Lw9tslye0STaeuZJ6Rg" : {
        "berat" : 89,
        "date" : "16-Dec-2019",
        "hasil" : "Normal (ideal)",
        "tinggi" : 195
      }
    },
    "ibpZKQ7FxUP467Ad9b6hVZ9W4V92" : {
      "-LwGqU0yXJMhncPx_YJ4" : {
        "berat" : 86,
        "date" : "17-Dec-2019",
        "hasil" : "Kegemukan (overweight)",
        "tinggi" : 181
      },
      "-LwGqZJ851IA2tEfBcRY" : {
        "berat" : 81,
        "date" : "17-Dec-2019",
        "hasil" : "Kegemukan (overweight)",
        "tinggi" : 179
      },
      "-LwGqaw_7MhcUyxs4O6W" : {
        "berat" : 81,
        "date" : "17-Dec-2019",
        "hasil" : "Normal (ideal)",
        "tinggi" : 200
      }
    },
    "prCvLahrzRZZO1ztR8CTjiHLk002" : {
      "-LwGxvt51oi8xKMVYUFF" : {
        "berat" : 71,
        "date" : "17-Dec-2019",
        "hasil" : "Normal (ideal)",
        "tinggi" : 175
      }
    },
    "sYhJZOzIKoYGTOWYuc34FdYLwHu1" : {
      "-LwH1cX-RJK8RXICnZnj" : {
        "berat" : 50,
        "date" : "17-Dec-2019",
        "hasil" : "Normal (ideal)",
        "tinggi" : 153
      },
      "-LwH1fBmYfNSxWJLq0fH" : {
        "berat" : 86,
        "date" : "17-Dec-2019",
        "hasil" : "Normal (ideal)",
        "tinggi" : 194
      }
    }
  },
  "User" : {
    "7BRDaKuFKzd57rWGArsIsll0TPN2" : {
      "email" : "dondo@gmail.com",
      "jkel" : "Laki- Laki",
      "nama" : "Dendy Surya Darmawan",
      "nomor" : "0757649494564",
      "password" : "halomas",
      "ulangPass" : "halomas"
    },
    "Cgxccd5zAGMR1ROCJ4pGvqzK26v2" : {
      "email" : "mantul@mantap.com",
      "jkel" : "Laki- Laki",
      "nama" : "boah",
      "nomor" : "08564933333",
      "password" : "mantapmantul",
      "ulangPass" : "mantapmantul"
    },
    "J0qCfwPu8RRMmjOAqFNvQuU0MnS2" : {
      "email" : "mantap@mantap.com",
      "jkel" : "Laki- Laki",
      "nama" : "Arga",
      "nomor" : "8523699008",
      "password" : "mantap123",
      "ulangPass" : "mantap123"
    },
    "LFoARkDj0wMA6JMbZBG83Xnc7gs1" : {
      "email" : "sisil@uhuy.com",
      "jkel" : "Perempuan",
      "nama" : "Sisil",
      "nomor" : "845434659",
      "password" : "testing",
      "ulangPass" : "testing"
    },
    "agLARUo1B0czeY4ItAAgcm78H1l2" : {
      "email" : "joni@konyol.com",
      "jkel" : "Laki- Laki",
      "nama" : "jono",
      "nomor" : "085222222",
      "password" : "toliltolil",
      "ulangPass" : "toliltolil"
    },
    "ibpZKQ7FxUP467Ad9b6hVZ9W4V92" : {
      "email" : "joni@mantap.com",
      "jkel" : "Laki- Laki",
      "nama" : "arga",
      "nomor" : "08534619",
      "password" : "argaarif",
      "ulangPass" : "argaarif"
    },
    "sYhJZOzIKoYGTOWYuc34FdYLwHu1" : {
      "email" : "arha@ul.com",
      "jkel" : "Perempuan",
      "nama" : "Arga",
      "nomor" : "08536",
      "password" : "joeljoel",
      "ulangPass" : "joeljoel"
    }
  },
  "tabelLaki" : [ {
    "bb" : 95,
    "kes" : 41.66,
    "ket" : "RINGAN",
    "lp" : 59,
    "tb" : 151
  }, {
    "bb" : 73,
    "kes" : 31.6,
    "ket" : "RINGAN",
    "lp" : 52,
    "tb" : 152
  }, {
    "bb" : 99,
    "kes" : 42.85,
    "ket" : "SANGAT TINGGI",
    "lp" : 122,
    "tb" : 152
  }, {
    "bb" : 108,
    "kes" : 45.54,
    "ket" : "NORMAL",
    "lp" : 83,
    "tb" : 154
  }, {
    "bb" : 50,
    "kes" : 21.08,
    "ket" : "RINGAN",
    "lp" : 54,
    "tb" : 154
  }, {
    "bb" : 82,
    "kes" : 34.58,
    "ket" : "RINGAN",
    "lp" : 77,
    "tb" : 154
  }, {
    "bb" : 124,
    "kes" : 52.29,
    "ket" : "TINGGI",
    "lp" : 102,
    "tb" : 154
  }, {
    "bb" : 93,
    "kes" : 38.71,
    "ket" : "TINGGI",
    "lp" : 105,
    "tb" : 155
  }, {
    "bb" : 88,
    "kes" : 36.63,
    "ket" : "SANGAT TINGGI",
    "lp" : 120,
    "tb" : 155
  }, {
    "bb" : 126,
    "kes" : 52.45,
    "ket" : "RINGAN",
    "lp" : 74,
    "tb" : 155
  }, {
    "bb" : 80,
    "kes" : 32.87,
    "ket" : "TINGGI",
    "lp" : 108,
    "tb" : 156
  }, {
    "bb" : 85,
    "kes" : 34.93,
    "ket" : "NORMAL",
    "lp" : 96,
    "tb" : 156
  }, {
    "bb" : 89,
    "kes" : 36.11,
    "ket" : "RINGAN",
    "lp" : 50,
    "tb" : 157
  }, {
    "bb" : 101,
    "kes" : 40.46,
    "ket" : "SANGAT TINGGI",
    "lp" : 135,
    "tb" : 158
  }, {
    "bb" : 99,
    "kes" : 39.66,
    "ket" : "RINGAN",
    "lp" : 74,
    "tb" : 158
  }, {
    "bb" : 71,
    "kes" : 28.08,
    "ket" : "SANGAT TINGGI",
    "lp" : 132,
    "tb" : 159
  }, {
    "bb" : 80,
    "kes" : 30.86,
    "ket" : "SANGAT TINGGI",
    "lp" : 123,
    "tb" : 161
  }, {
    "bb" : 73,
    "kes" : 27.48,
    "ket" : "SANGAT TINGGI",
    "lp" : 124,
    "tb" : 163
  }, {
    "bb" : 99,
    "kes" : 36.81,
    "ket" : "NORMAL",
    "lp" : 97,
    "tb" : 164
  }, {
    "bb" : 86,
    "kes" : 31.98,
    "ket" : "TINGGI",
    "lp" : 100,
    "tb" : 164
  }, {
    "bb" : 101,
    "kes" : 37.1,
    "ket" : "TINGGI",
    "lp" : 107,
    "tb" : 165
  }, {
    "bb" : 56,
    "kes" : 20.32,
    "ket" : "TINGGI",
    "lp" : 113,
    "tb" : 166
  }, {
    "bb" : 108,
    "kes" : 37.81,
    "ket" : "RINGAN",
    "lp" : 67,
    "tb" : 169
  }, {
    "bb" : 95,
    "kes" : 33.26,
    "ket" : "RINGAN",
    "lp" : 61,
    "tb" : 169
  }, {
    "bb" : 79,
    "kes" : 27.34,
    "ket" : "TINGGI",
    "lp" : 110,
    "tb" : 170
  }, {
    "bb" : 91,
    "kes" : 31.49,
    "ket" : "RINGAN",
    "lp" : 50,
    "tb" : 170
  }, {
    "bb" : 104,
    "kes" : 35.57,
    "ket" : "SANGAT TINGGI",
    "lp" : 126,
    "tb" : 171
  }, {
    "bb" : 91,
    "kes" : 30.76,
    "ket" : "NORMAL",
    "lp" : 94,
    "tb" : 172
  }, {
    "bb" : 82,
    "kes" : 27.72,
    "ket" : "NORMAL",
    "lp" : 84,
    "tb" : 172
  }, {
    "bb" : 61,
    "kes" : 20.38,
    "ket" : "RINGAN",
    "lp" : 52,
    "tb" : 173
  }, {
    "bb" : 82,
    "kes" : 27.4,
    "ket" : "RINGAN",
    "lp" : 66,
    "tb" : 173
  }, {
    "bb" : 118,
    "kes" : 39.43,
    "ket" : "TINGGI",
    "lp" : 116,
    "tb" : 173
  }, {
    "bb" : 66,
    "kes" : 21.55,
    "ket" : "RINGAN",
    "lp" : 51,
    "tb" : 175
  }, {
    "bb" : 109,
    "kes" : 35.19,
    "ket" : "SANGAT TINGGI",
    "lp" : 125,
    "tb" : 176
  }, {
    "bb" : 59,
    "kes" : 19.05,
    "ket" : "TINGGI",
    "lp" : 110,
    "tb" : 176
  }, {
    "bb" : 91,
    "kes" : 29.38,
    "ket" : "TINGGI",
    "lp" : 110,
    "tb" : 176
  }, {
    "bb" : 76,
    "kes" : 24.26,
    "ket" : "SANGAT TINGGI",
    "lp" : 120,
    "tb" : 177
  }, {
    "bb" : 125,
    "kes" : 39.9,
    "ket" : "SANGAT TINGGI",
    "lp" : 140,
    "tb" : 177
  }, {
    "bb" : 98,
    "kes" : 30.93,
    "ket" : "RINGAN",
    "lp" : 67,
    "tb" : 178
  }, {
    "bb" : 91,
    "kes" : 28.72,
    "ket" : "TINGGI",
    "lp" : 106,
    "tb" : 178
  }, {
    "bb" : 128,
    "kes" : 39.51,
    "ket" : "SANGAT TINGGI",
    "lp" : 121,
    "tb" : 180
  }, {
    "bb" : 115,
    "kes" : 35.49,
    "ket" : "TINGGI",
    "lp" : 111,
    "tb" : 180
  }, {
    "bb" : 58,
    "kes" : 17.7,
    "ket" : "RINGAN",
    "lp" : 53,
    "tb" : 181
  }, {
    "bb" : 116,
    "kes" : 35.02,
    "ket" : "SANGAT TINGGI",
    "lp" : 128,
    "tb" : 182
  }, {
    "bb" : 91,
    "kes" : 26.88,
    "ket" : "SANGAT TINGGI",
    "lp" : 134,
    "tb" : 184
  }, {
    "bb" : 60,
    "kes" : 17.53,
    "ket" : "SANGAT TINGGI",
    "lp" : 120,
    "tb" : 185
  }, {
    "bb" : 68,
    "kes" : 19.87,
    "ket" : "NORMAL",
    "lp" : 82,
    "tb" : 185
  }, {
    "bb" : 127,
    "kes" : 36.71,
    "ket" : "NORMAL",
    "lp" : 82,
    "tb" : 186
  }, {
    "bb" : 103,
    "kes" : 28.83,
    "ket" : "NORMAL",
    "lp" : 87,
    "tb" : 189
  }, {
    "bb" : 59,
    "kes" : 16.52,
    "ket" : "NORMAL",
    "lp" : 90,
    "tb" : 189
  } ],
  "tabelPerempuan" : [ {
    "bb" : 74,
    "kes" : 37.76,
    "ket" : "TINGGI",
    "lp" : 102,
    "tb" : 140
  }, {
    "bb" : 54,
    "kes" : 27.55,
    "ket" : "SANGAT TINGGI",
    "lp" : 120,
    "tb" : 140
  }, {
    "bb" : 47,
    "kes" : 22.98,
    "ket" : "RINGAN",
    "lp" : 61,
    "tb" : 143
  }, {
    "bb" : 99,
    "kes" : 48.41,
    "ket" : "SANGAT TINGGI",
    "lp" : 127,
    "tb" : 143
  }, {
    "bb" : 43,
    "kes" : 19.9,
    "ket" : "RINGAN",
    "lp" : 55,
    "tb" : 147
  }, {
    "bb" : 86,
    "kes" : 39.8,
    "ket" : "TINGGI",
    "lp" : 108,
    "tb" : 147
  }, {
    "bb" : 56,
    "kes" : 25.92,
    "ket" : "RINGAN",
    "lp" : 68,
    "tb" : 147
  }, {
    "bb" : 40,
    "kes" : 18.51,
    "ket" : "TINGGI",
    "lp" : 102,
    "tb" : 147
  }, {
    "bb" : 78,
    "kes" : 35.13,
    "ket" : "RINGAN",
    "lp" : 58,
    "tb" : 149
  }, {
    "bb" : 50,
    "kes" : 22.22,
    "ket" : "TINGGI",
    "lp" : 111,
    "tb" : 150
  }, {
    "bb" : 76,
    "kes" : 33.33,
    "ket" : "RINGAN",
    "lp" : 55,
    "tb" : 151
  }, {
    "bb" : 82,
    "kes" : 35.49,
    "ket" : "NORMAL",
    "lp" : 89,
    "tb" : 152
  }, {
    "bb" : 63,
    "kes" : 27.27,
    "ket" : "TINGGI",
    "lp" : 115,
    "tb" : 152
  }, {
    "bb" : 78,
    "kes" : 33.76,
    "ket" : "TINGGI",
    "lp" : 109,
    "tb" : 152
  }, {
    "bb" : 68,
    "kes" : 29.05,
    "ket" : "NORMAL",
    "lp" : 93,
    "tb" : 153
  }, {
    "bb" : 49,
    "kes" : 20.93,
    "ket" : "NORMAL",
    "lp" : 97,
    "tb" : 153
  }, {
    "bb" : 91,
    "kes" : 37.88,
    "ket" : "NORMAL",
    "lp" : 97,
    "tb" : 155
  }, {
    "bb" : 80,
    "kes" : 32.46,
    "ket" : "SANGAT TINGGI",
    "lp" : 130,
    "tb" : 157
  }, {
    "bb" : 64,
    "kes" : 25.64,
    "ket" : "SANGAT TINGGI",
    "lp" : 125,
    "tb" : 158
  }, {
    "bb" : 40,
    "kes" : 16.02,
    "ket" : "TINGGI",
    "lp" : 104,
    "tb" : 158
  }, {
    "bb" : 47,
    "kes" : 18.83,
    "ket" : "RINGAN",
    "lp" : 78,
    "tb" : 158
  }, {
    "bb" : 99,
    "kes" : 39.16,
    "ket" : "RINGAN",
    "lp" : 55,
    "tb" : 159
  }, {
    "bb" : 48,
    "kes" : 18.75,
    "ket" : "NORMAL",
    "lp" : 82,
    "tb" : 160
  }, {
    "bb" : 63,
    "kes" : 24.3,
    "ket" : "RINGAN",
    "lp" : 73,
    "tb" : 161
  }, {
    "bb" : 44,
    "kes" : 16.77,
    "ket" : "NORMAL",
    "lp" : 97,
    "tb" : 162
  }, {
    "bb" : 69,
    "kes" : 26.29,
    "ket" : "RINGAN",
    "lp" : 61,
    "tb" : 162
  }, {
    "bb" : 83,
    "kes" : 31.63,
    "ket" : "NORMAL",
    "lp" : 93,
    "tb" : 162
  }, {
    "bb" : 52,
    "kes" : 19.57,
    "ket" : "TINGGI",
    "lp" : 103,
    "tb" : 163
  }, {
    "bb" : 75,
    "kes" : 28.23,
    "ket" : "SANGAT TINGGI",
    "lp" : 121,
    "tb" : 163
  }, {
    "bb" : 74,
    "kes" : 26.85,
    "ket" : "RINGAN",
    "lp" : 61,
    "tb" : 166
  }, {
    "bb" : 90,
    "kes" : 32.66,
    "ket" : "NORMAL",
    "lp" : 99,
    "tb" : 166
  }, {
    "bb" : 61,
    "kes" : 21.87,
    "ket" : "RINGAN",
    "lp" : 51,
    "tb" : 167
  }, {
    "bb" : 48,
    "kes" : 17.01,
    "ket" : "RINGAN",
    "lp" : 57,
    "tb" : 168
  }, {
    "bb" : 54,
    "kes" : 18.91,
    "ket" : "RINGAN",
    "lp" : 64,
    "tb" : 169
  }, {
    "bb" : 46,
    "kes" : 15.92,
    "ket" : "TINGGI",
    "lp" : 102,
    "tb" : 170
  }, {
    "bb" : 50,
    "kes" : 17.1,
    "ket" : "RINGAN",
    "lp" : 67,
    "tb" : 171
  }, {
    "bb" : 92,
    "kes" : 30.74,
    "ket" : "RINGAN",
    "lp" : 71,
    "tb" : 173
  }, {
    "bb" : 44,
    "kes" : 14.53,
    "ket" : "TINGGI",
    "lp" : 101,
    "tb" : 174
  }, {
    "bb" : 59,
    "kes" : 19.49,
    "ket" : "TINGGI",
    "lp" : 114,
    "tb" : 174
  }, {
    "bb" : 88,
    "kes" : 29.07,
    "ket" : "RINGAN",
    "lp" : 62,
    "tb" : 174
  }, {
    "bb" : 89,
    "kes" : 28.73,
    "ket" : "RINGAN",
    "lp" : 70,
    "tb" : 176
  }, {
    "bb" : 45,
    "kes" : 14.53,
    "ket" : "SANGAT TINGGI",
    "lp" : 125,
    "tb" : 176
  }, {
    "bb" : 74,
    "kes" : 23.89,
    "ket" : "NORMAL",
    "lp" : 80,
    "tb" : 176
  }, {
    "bb" : 100,
    "kes" : 31.92,
    "ket" : "NORMAL",
    "lp" : 82,
    "tb" : 177
  }, {
    "bb" : 60,
    "kes" : 18.94,
    "ket" : "RINGAN",
    "lp" : 71,
    "tb" : 178
  }, {
    "bb" : 73,
    "kes" : 23.04,
    "ket" : "RINGAN",
    "lp" : 75,
    "tb" : 178
  }, {
    "bb" : 61,
    "kes" : 19.04,
    "ket" : "TINGGI",
    "lp" : 106,
    "tb" : 179
  }, {
    "bb" : 81,
    "kes" : 25.28,
    "ket" : "TINGGI",
    "lp" : 101,
    "tb" : 179
  }, {
    "bb" : 69,
    "kes" : 21.53,
    "ket" : "TINGGI",
    "lp" : 117,
    "tb" : 179
  }, {
    "bb" : 97,
    "kes" : 29.94,
    "ket" : "RINGAN",
    "lp" : 51,
    "tb" : 180
  } ]
}
